{"v":"5.1.20","fr":29.9700012207031,"ip":0,"op":60.0000024438501,"w":375,"h":667,"nm":"Comp 1","ddd":0,"assets":[],"layers":[{"ddd":0,"ind":1,"ty":4,"nm":"Shape Layer 1","sr":1,"ks":{"o":{"a":1,"k":[{"i":{"x":[0.833],"y":[0.833]},"o":{"x":[0.167],"y":[0.167]},"n":["0p833_0p833_0p167_0p167"],"t":0,"s":[100],"e":[100]},{"i":{"x":[0.833],"y":[0.833]},"o":{"x":[0.167],"y":[0.167]},"n":["0p833_0p833_0p167_0p167"],"t":31,"s":[100],"e":[0]},{"t":60.0000024438501}],"ix":11},"r":{"a":0,"k":0,"ix":10},"p":{"a":0,"k":[187.5,333.5,0],"ix":2},"a":{"a":0,"k":[-19.051,137.758,0],"ix":1},"s":{"a":0,"k":[59.171,1.288,100],"ix":6}},"ao":0,"shapes":[{"ty":"gr","it":[{"ty":"rc","d":1,"s":{"a":1,"k":[{"i":{"x":[1,0.97],"y":[1,1.046]},"o":{"x":[0.333,0.839],"y":[0,0.098]},"n":["1_1_0p333_0","0p97_1p046_0p839_0p098"],"t":0,"s":[0,0],"e":[4,52114]},{"i":{"x":[0.667,0.667],"y":[1,1]},"o":{"x":[0.167,0.167],"y":[0.167,0]},"n":["0p667_1_0p167_0p167","0p667_1_0p167_0"],"t":10,"s":[4,52114],"e":[57,52114]},{"i":{"x":[0.315,0.667],"y":[-0.019,1]},"o":{"x":[0.167,0.167],"y":[0.167,0]},"n":["0p315_-0p019_0p167_0p167","0p667_1_0p167_0"],"t":25,"s":[57,52114],"e":[642,52114]},{"t":31.0000012626559}],"ix":2},"p":{"a":0,"k":[0,0],"ix":3},"r":{"a":0,"k":0,"ix":4},"nm":"Rectangle Path 1","mn":"ADBE Vector Shape - Rect","hd":false},{"ty":"fl","c":{"a":0,"k":[0.325273066759,0.828216910362,0.327861756086,1],"ix":4},"o":{"a":0,"k":100,"ix":5},"r":1,"nm":"Fill 1","mn":"ADBE Vector Graphic - Fill","hd":false},{"ty":"tr","p":{"a":0,"k":[-19.051,137.758],"ix":2},"a":{"a":0,"k":[0,0],"ix":1},"s":{"a":0,"k":[100,100],"ix":3},"r":{"a":0,"k":0,"ix":6},"o":{"a":0,"k":100,"ix":7},"sk":{"a":0,"k":0,"ix":4},"sa":{"a":0,"k":0,"ix":5},"nm":"Transform"}],"nm":"Rectangle 1","np":2,"cix":2,"ix":1,"mn":"ADBE Vector Group","hd":false}],"ip":0,"op":900.000036657751,"st":0,"bm":0}],"markers":[]}