{"v":"5.1.7","fr":30,"ip":0,"op":90,"w":1280,"h":720,"nm":"curve","ddd":0,"assets":[{"id":"comp_0","layers":[{"ddd":0,"ind":1,"ty":4,"nm":"Layer 2 Outlines","sr":1,"ks":{"o":{"a":0,"k":100,"ix":11},"r":{"a":0,"k":0,"ix":10},"p":{"a":1,"k":[{"i":{"x":0.499,"y":0.499},"o":{"x":0.532,"y":0.532},"n":"0p499_0p499_0p532_0p532","t":8,"s":[803,383.477,0],"e":[803,383.477,0],"to":[0,0,0],"ti":[0,0,0]},{"t":100}],"ix":2},"a":{"a":0,"k":[550.016,158.438,0],"ix":1},"s":{"a":0,"k":[140,140,100],"ix":6}},"ao":0,"shapes":[{"ty":"gr","it":[{"ind":0,"ty":"sh","ix":1,"ks":{"a":0,"k":{"i":[[0,0],[-64.411,105.032],[-67.566,-110.177],[-61.817,100.804],[-67.25,-109.662]],"o":[[65.433,106.698],[66.255,-108.041],[62.434,101.809],[65.583,-106.944],[63.878,104.162]],"v":[[-500.016,1.74],[-300.027,1.74],[-100.018,1.74],[99.984,1.74],[300.017,1.74]],"c":false},"ix":2},"nm":"Path 1","mn":"ADBE Vector Shape - Group","hd":false},{"ty":"st","c":{"a":0,"k":[0.035000000748,0.030999998953,0.046999998654,1],"ix":3},"o":{"a":0,"k":100,"ix":4},"w":{"a":0,"k":25,"ix":5},"lc":1,"lj":1,"ml":10,"nm":"Stroke 1","mn":"ADBE Vector Graphic - Stroke","hd":false},{"ty":"tr","p":{"a":0,"k":[550.016,158.438],"ix":2},"a":{"a":0,"k":[0,0],"ix":1},"s":{"a":0,"k":[100,100],"ix":3},"r":{"a":0,"k":0,"ix":6},"o":{"a":0,"k":100,"ix":7},"sk":{"a":0,"k":0,"ix":4},"sa":{"a":0,"k":0,"ix":5},"nm":"Transform"}],"nm":"Group 1","np":2,"cix":2,"ix":1,"mn":"ADBE Vector Group","hd":false},{"ty":"tm","s":{"a":1,"k":[{"i":{"x":[0.418],"y":[1]},"o":{"x":[0.586],"y":[0]},"n":["0p418_1_0p586_0"],"t":-3,"s":[0],"e":[100]},{"t":79}],"ix":1},"e":{"a":1,"k":[{"i":{"x":[0.833],"y":[0.833]},"o":{"x":[0.934],"y":[0]},"n":["0p833_0p833_0p934_0"],"t":8,"s":[0],"e":[30.763]},{"i":{"x":[0.356],"y":[1]},"o":{"x":[0.167],"y":[0.167]},"n":["0p356_1_0p167_0p167"],"t":45,"s":[30.763],"e":[100]},{"t":90}],"ix":2},"o":{"a":0,"k":0,"ix":3},"m":1,"ix":2,"nm":"Trim Paths 1","mn":"ADBE Vector Filter - Trim","hd":false}],"ip":-3,"op":318,"st":-3,"bm":0},{"ddd":0,"ind":2,"ty":4,"nm":"Layer 3 Outlines","sr":1,"ks":{"o":{"a":0,"k":100,"ix":11},"r":{"a":0,"k":0,"ix":10},"p":{"a":1,"k":[{"i":{"x":0.502,"y":0.502},"o":{"x":0.529,"y":0.529},"n":"0p502_0p502_0p529_0p529","t":2,"s":[801.768,384.969,0],"e":[801.768,384.969,0],"to":[0,0,0],"ti":[0,0,0]},{"t":95}],"ix":2},"a":{"a":0,"k":[550.016,79.435,0],"ix":1},"s":{"a":0,"k":[140,140,100],"ix":6}},"ao":0,"shapes":[{"ty":"gr","it":[{"ind":0,"ty":"sh","ix":1,"ks":{"a":0,"k":{"i":[[0,0],[-63.856,-27.392],[-64.649,27.732],[-64.74,-27.771],[-71.021,30.466]],"o":[[64.683,-27.747],[64.765,27.782],[65.726,-28.194],[60.07,25.769],[64.333,-27.597]],"v":[[-500.016,-1.031],[-300.027,-1.031],[-100.019,-1.031],[99.984,-1.031],[300.016,-1.031]],"c":false},"ix":2},"nm":"Path 1","mn":"ADBE Vector Shape - Group","hd":false},{"ty":"st","c":{"a":0,"k":[0.957000014361,0.102000000898,0.435000011968,1],"ix":3},"o":{"a":0,"k":100,"ix":4},"w":{"a":0,"k":25,"ix":5},"lc":1,"lj":1,"ml":10,"nm":"Stroke 1","mn":"ADBE Vector Graphic - Stroke","hd":false},{"ty":"tr","p":{"a":0,"k":[550.016,79.435],"ix":2},"a":{"a":0,"k":[0,0],"ix":1},"s":{"a":0,"k":[100,100],"ix":3},"r":{"a":0,"k":0,"ix":6},"o":{"a":0,"k":100,"ix":7},"sk":{"a":0,"k":0,"ix":4},"sa":{"a":0,"k":0,"ix":5},"nm":"Transform"}],"nm":"Group 1","np":2,"cix":2,"ix":1,"mn":"ADBE Vector Group","hd":false},{"ty":"tm","s":{"a":1,"k":[{"i":{"x":[0.418],"y":[1]},"o":{"x":[0.586],"y":[0]},"n":["0p418_1_0p586_0"],"t":-8,"s":[0],"e":[100]},{"t":74}],"ix":1},"e":{"a":1,"k":[{"i":{"x":[0.833],"y":[0.833]},"o":{"x":[0.934],"y":[0]},"n":["0p833_0p833_0p934_0"],"t":3,"s":[0],"e":[30.763]},{"i":{"x":[0.356],"y":[1]},"o":{"x":[0.167],"y":[0.167]},"n":["0p356_1_0p167_0p167"],"t":40,"s":[30.763],"e":[100]},{"t":85}],"ix":2},"o":{"a":0,"k":0,"ix":3},"m":1,"ix":2,"nm":"Trim Paths 1","mn":"ADBE Vector Filter - Trim","hd":false}],"ip":-8,"op":313,"st":-8,"bm":0},{"ddd":0,"ind":3,"ty":4,"nm":"Layer 4 Outlines","sr":1,"ks":{"o":{"a":0,"k":100,"ix":11},"r":{"a":0,"k":0,"ix":10},"p":{"a":1,"k":[{"i":{"x":0.502,"y":0.502},"o":{"x":0.529,"y":0.529},"n":"0p502_0p502_0p529_0p529","t":5,"s":[803.032,387.02,0],"e":[803.032,387.02,0],"to":[0,0,0],"ti":[0,0,0]},{"t":98}],"ix":2},"a":{"a":0,"k":[550.016,141.7,0],"ix":1},"s":{"a":0,"k":[140,140,100],"ix":6}},"ao":0,"shapes":[{"ty":"gr","it":[{"ind":0,"ty":"sh","ix":1,"ks":{"a":0,"k":{"i":[[0,0],[-63.856,-85.335],[-64.649,86.396],[-64.74,-86.518],[-71.021,94.911]],"o":[[64.683,-86.441],[64.765,86.551],[65.726,-87.834],[60.07,80.276],[64.333,-85.974]],"v":[[-500.016,-3.211],[-300.027,-3.211],[-100.019,-3.211],[99.984,-3.211],[300.016,-3.211]],"c":false},"ix":2},"nm":"Path 1","mn":"ADBE Vector Shape - Group","hd":false},{"ty":"st","c":{"a":0,"k":[0.517999985639,0.030999998953,0.375999989229,1],"ix":3},"o":{"a":0,"k":100,"ix":4},"w":{"a":0,"k":25,"ix":5},"lc":1,"lj":1,"ml":10,"nm":"Stroke 1","mn":"ADBE Vector Graphic - Stroke","hd":false},{"ty":"tr","p":{"a":0,"k":[550.016,141.7],"ix":2},"a":{"a":0,"k":[0,0],"ix":1},"s":{"a":0,"k":[100,100],"ix":3},"r":{"a":0,"k":0,"ix":6},"o":{"a":0,"k":100,"ix":7},"sk":{"a":0,"k":0,"ix":4},"sa":{"a":0,"k":0,"ix":5},"nm":"Transform"}],"nm":"Group 1","np":2,"cix":2,"ix":1,"mn":"ADBE Vector Group","hd":false},{"ty":"tm","s":{"a":1,"k":[{"i":{"x":[0.418],"y":[1]},"o":{"x":[0.586],"y":[0]},"n":["0p418_1_0p586_0"],"t":-5,"s":[0],"e":[100]},{"t":77}],"ix":1},"e":{"a":1,"k":[{"i":{"x":[0.833],"y":[0.833]},"o":{"x":[0.934],"y":[0]},"n":["0p833_0p833_0p934_0"],"t":6,"s":[0],"e":[30.763]},{"i":{"x":[0.356],"y":[1]},"o":{"x":[0.167],"y":[0.167]},"n":["0p356_1_0p167_0p167"],"t":43,"s":[30.763],"e":[100]},{"t":88}],"ix":2},"o":{"a":0,"k":0,"ix":3},"m":1,"ix":2,"nm":"Trim Paths 1","mn":"ADBE Vector Filter - Trim","hd":false}],"ip":-5,"op":316,"st":-5,"bm":0},{"ddd":0,"ind":4,"ty":4,"nm":"Layer 5 Outlines","sr":1,"ks":{"o":{"a":0,"k":100,"ix":11},"r":{"a":0,"k":0,"ix":10},"p":{"a":1,"k":[{"i":{"x":0.499,"y":0.499},"o":{"x":0.532,"y":0.532},"n":"0p499_0p499_0p532_0p532","t":0,"s":[803,383.813,0],"e":[803,383.813,0],"to":[0,0,0],"ti":[0,0,0]},{"t":92}],"ix":2},"a":{"a":0,"k":[550.016,88.852,0],"ix":1},"s":{"a":0,"k":[140,140,100],"ix":6}},"ao":0,"shapes":[{"ty":"gr","it":[{"ind":0,"ty":"sh","ix":1,"ks":{"a":0,"k":{"i":[[0,0],[-64.411,37.631],[-67.566,-39.475],[-61.817,36.116],[-67.25,-39.29]],"o":[[65.433,38.228],[66.255,-38.709],[62.434,36.476],[65.583,-38.316],[63.878,37.32]],"v":[[-500.016,0.623],[-300.027,0.623],[-100.018,0.623],[99.984,0.623],[300.017,0.623]],"c":false},"ix":2},"nm":"Path 1","mn":"ADBE Vector Shape - Group","hd":false},{"ty":"st","c":{"a":0,"k":[0.019999999626,0,0.216000007181,1],"ix":3},"o":{"a":0,"k":100,"ix":4},"w":{"a":0,"k":25,"ix":5},"lc":1,"lj":1,"ml":10,"nm":"Stroke 1","mn":"ADBE Vector Graphic - Stroke","hd":false},{"ty":"tr","p":{"a":0,"k":[550.016,88.852],"ix":2},"a":{"a":0,"k":[0,0],"ix":1},"s":{"a":0,"k":[100,100],"ix":3},"r":{"a":0,"k":0,"ix":6},"o":{"a":0,"k":100,"ix":7},"sk":{"a":0,"k":0,"ix":4},"sa":{"a":0,"k":0,"ix":5},"nm":"Transform"}],"nm":"Group 1","np":2,"cix":2,"ix":1,"mn":"ADBE Vector Group","hd":false},{"ty":"tm","s":{"a":1,"k":[{"i":{"x":[0.418],"y":[1]},"o":{"x":[0.586],"y":[0]},"n":["0p418_1_0p586_0"],"t":-11,"s":[0],"e":[100]},{"t":71}],"ix":1},"e":{"a":1,"k":[{"i":{"x":[0.833],"y":[0.833]},"o":{"x":[0.934],"y":[0]},"n":["0p833_0p833_0p934_0"],"t":0,"s":[0],"e":[30.763]},{"i":{"x":[0.356],"y":[1]},"o":{"x":[0.167],"y":[0.167]},"n":["0p356_1_0p167_0p167"],"t":37,"s":[30.763],"e":[100]},{"t":82}],"ix":2},"o":{"a":0,"k":0,"ix":3},"m":1,"ix":2,"nm":"Trim Paths 1","mn":"ADBE Vector Filter - Trim","hd":false}],"ip":-11,"op":310,"st":-11,"bm":0}]}],"layers":[{"ddd":0,"ind":1,"ty":0,"nm":"main","refId":"comp_0","sr":1,"ks":{"o":{"a":0,"k":100,"ix":11},"r":{"a":0,"k":0,"ix":10},"p":{"a":0,"k":[644,360,0],"ix":2},"a":{"a":0,"k":[683,384,0],"ix":1},"s":{"a":0,"k":[129,129,100],"ix":6}},"ao":0,"w":1366,"h":768,"ip":0,"op":321,"st":0,"bm":0}],"markers":[]}